<?xml version="1.0" encoding="UTF-8" ?>
<install version="1.5" type="plugin" group="vmcustom" method="upgrade">
    <name>VMCUSTOM_DONATION</name>
    <creationDate>2013-03-02</creationDate>
    <author>Reinhold Kainhofer</author>
    <authorUrl>http://www.kainhofer.com/</authorUrl>
    <copyright>Copyright (C) 2013 Reinhold Kainhofer. All rights reserved.</copyright>
    <license>http://www.gnu.org/licenses/gpl.html GNU/GPL v3+</license>
    <version>1.0.0</version>
    <description>VMCUSTOM_DONATION_DESC</description>
    <files>
        <filename plugin="donation">donation.php</filename>
        <filename>donation.script.php</filename>
        <folder>language</folder>
        <folder>donation</folder>
        <filename>index.html</filename>
    </files>
    <languages folder="language">
        <language tag="en-GB">en-GB/en-GB.plg_vmcustom_donation.ini</language>
        <language tag="en-GB">en-GB/en-GB.plg_vmcustom_donation.sys.ini</language>
        <language tag="de-DE">de-DE/de-DE.plg_vmcustom_donation.ini</language>
        <language tag="de-DE">de-DE/de-DE.plg_vmcustom_donation.sys.ini</language>
    </languages>
    <scriptfile>donation.script.php</scriptfile>
    <params addpath="/administrator/components/com_virtuemart/elements">
        <param type="vmjpluginwarning" />
    </params>
</install>
